{
  "buildCommand": "npm run vercel-build",
  "outputDirectory": "dist",
  "redirects": [
    { "source": "/world-cup-2026-host-cities/los-angeles", "destination": "/world-cup-2026-host-cities/los-angeles-world-cup-2026-guide", "permanent": true },
    { "source": "/world-cup-2026-host-cities/new-york-new-jersey", "destination": "/world-cup-2026-host-cities/new-york-new-jersey-world-cup-2026-guide", "permanent": true },
    { "source": "/world-cup-2026-host-cities/miami", "destination": "/world-cup-2026-host-cities/miami-world-cup-2026-guide", "permanent": true },
    { "source": "/world-cup-2026-host-cities/dallas", "destination": "/world-cup-2026-host-cities/dallas-world-cup-2026-guide", "permanent": true },
    { "source": "/world-cup-2026-host-cities/kansas-city", "destination": "/world-cup-2026-host-cities/kansas-city-world-cup-2026-guide", "permanent": true },
    { "source": "/world-cup-2026-host-cities/houston", "destination": "/world-cup-2026-host-cities/houston-world-cup-2026-guide", "permanent": true },
    { "source": "/world-cup-2026-host-cities/atlanta", "destination": "/world-cup-2026-host-cities/atlanta-world-cup-2026-guide", "permanent": true },
    { "source": "/world-cup-2026-host-cities/philadelphia", "destination": "/world-cup-2026-host-cities/philadelphia-world-cup-2026-guide", "permanent": true },
    { "source": "/world-cup-2026-host-cities/seattle", "destination": "/world-cup-2026-host-cities/seattle-world-cup-2026-guide", "permanent": true },
    { "source": "/world-cup-2026-host-cities/san-francisco", "destination": "/world-cup-2026-host-cities/san-francisco-world-cup-2026-guide", "permanent": true },
    { "source": "/world-cup-2026-host-cities/boston", "destination": "/world-cup-2026-host-cities/boston-world-cup-2026-guide", "permanent": true },
    { "source": "/world-cup-2026-host-cities/toronto", "destination": "/world-cup-2026-host-cities/toronto-world-cup-2026-guide", "permanent": true },
    { "source": "/world-cup-2026-host-cities/vancouver", "destination": "/world-cup-2026-host-cities/vancouver-world-cup-2026-guide", "permanent": true },
    { "source": "/world-cup-2026-host-cities/mexico-city", "destination": "/world-cup-2026-host-cities/mexico-city-world-cup-2026-guide", "permanent": true },
    { "source": "/world-cup-2026-host-cities/guadalajara", "destination": "/world-cup-2026-host-cities/guadalajara-world-cup-2026-guide", "permanent": true },
    { "source": "/world-cup-2026-host-cities/monterrey", "destination": "/world-cup-2026-host-cities/monterrey-world-cup-2026-guide", "permanent": true }
  ],
  "rewrites": [
    { "source": "/", "destination": "/index.html", "has": [{ "type": "header", "key": "accept", "value": "*text/html*" }] },
    { "source": "/world-cup-2026-host-cities/:path*", "destination": "/index.html", "has": [{ "type": "header", "key": "accept", "value": "*text/html*" }] },
    { "source": "/world-cup-2026-stadiums", "destination": "/index.html", "has": [{ "type": "header", "key": "accept", "value": "*text/html*" }] },
    { "source": "/travel-tips", "destination": "/index.html", "has": [{ "type": "header", "key": "accept", "value": "*text/html*" }] },
    { "source": "/:path*", "destination": "/index.html", "has": [{ "type": "header", "key": "accept", "value": "*text/html*" }] }
  ]
}
